Workbook

Sheet 前提
A1: SuguDesk 損益分岐モデル — 前提（ここだけ編集すれば全シート連動）
A3: ■ 固定費（月額）
A4: CEO報酬 | B4: 300000 | C4: ※役員報酬を抑えるならここを下げる
A5: エンジニア（定常見込み） | B5: 400000 | C5: ※先月は190h=約95万の例外。定常の見込み額を入力
A6: インフラ・ツール（GCP/SaaS） | B6: 80000
A7: その他固定費（法務・会計・雑費） | B7: 50000
A8: 営業/GTM（マーケ・交通費） | B8: 100000
A9: オンボ/CS委託（任意・治療期の保険） | B9: 0 | C9: ※入れるなら250000目安
A10: 固定費合計 | B10: =SUM(B4:B9)
A12: ■ 共通前提
A13: メンテ時給 | B13: 1200 | C13: ※構築/メンテを外注 or 按分する時の単価
A15: ■ 商材別ユニットエコノミクス（月次・1件あたり）
A16: 商材 | B16: 月額売上 | C16: メンテ時間/月(h) | D16: API変動費/月 | E16: 担当者月給 | F16: 1人の担当件数 | G16: 人件費按分/件 | H16: 限界利益/件・月
A17: SaaSライト（GIMIC ¥4,000） | B17: 4000 | C17: 2 | D17: 1000 | E17: 0 | F17: 0 | G17: =IF(F17=0,0,E17/F17) | H17: =B17-C17*$B$13-D17-G17
A18: SaaSライト（直販 ¥8,000） | B18: 8000 | C18: 2.5 | D18: 2000 | E18: 0 | F18: 0 | G18: =IF(F18=0,0,E18/F18) | H18: =B18-C18*$B$13-D18-G18
A19: SaaSスタンダード（¥15,000） | B19: 15000 | C19: 4.5 | D19: 2000 | E19: 0 | F19: 0 | G19: =IF(F19=0,0,E19/F19) | H19: =B19-C19*$B$13-D19-G19
A20: SaaSプレミアム（¥25,000/2院） | B20: 25000 | C20: 8 | D20: 4000 | E20: 0 | F20: 0 | G20: =IF(F20=0,0,E20/F20) | H20: =B20-C20*$B$13-D20-G20
A21: BPO 事務長代行（¥150,000） | B21: 150000 | C21: 0 | D21: 0 | E21: 250000 | F21: 3 | G21: =IF(F21=0,0,E21/F21) | H21: =B21-C21*$B$13-D21-G21
A22: BPO 採用/集患（¥50,000） | B22: 50000 | C22: 0 | D22: 0 | E22: 150000 | F22: 5 | G22: =IF(F22=0,0,E22/F22) | H22: =B22-C22*$B$13-D22-G22
A24: ■ 一時金（参考：黒字化＝月次の話だが、キャッシュには効く）
A25: SaaSライト 導入費 | B25: 150000 | C25: ※GIMIC経由は有償オンボ。台数×導入費が初期キャッシュを支える
A26: SaaSスタンダード 導入費 | B26: 300000

Sheet 損益分岐
A1: 損益分岐：何件で黒字化するか
A3: 固定費合計（月） | B3: =前提!B10
A5: ① 各商材を単独で売った場合の黒字化必要件数
A6: 商材 | B6: 限界利益/件・月 | C6: 単独で黒字化に必要な件数
A7: =前提!A17 | B7: =前提!H17 | C7: =IF(B7<=0,"不可（赤字）",ROUNDUP($B$3/B7,0)&"件")
A8: =前提!A18 | B8: =前提!H18 | C8: =IF(B8<=0,"不可（赤字）",ROUNDUP($B$3/B8,0)&"件")
A9: =前提!A19 | B9: =前提!H19 | C9: =IF(B9<=0,"不可（赤字）",ROUNDUP($B$3/B9,0)&"件")
A10: =前提!A20 | B10: =前提!H20 | C10: =IF(B10<=0,"不可（赤字）",ROUNDUP($B$3/B10,0)&"件")
A11: =前提!A21 | B11: =前提!H21 | C11: =IF(B11<=0,"不可（赤字）",ROUNDUP($B$3/B11,0)&"件")
A12: =前提!A22 | B12: =前提!H22 | C12: =IF(B12<=0,"不可（赤字）",ROUNDUP($B$3/B12,0)&"件")
A14: ② 今の（or 想定の）組み合わせで損益を見る ← 件数を入力
A15: 商材 | B15: 限界利益/件 | C15: 件数（入力） | D15: 限界利益 合計
A16: =前提!A17 | B16: =前提!H17 | C16: 3 | D16: =B16*C16
A17: =前提!A18 | B17: =前提!H18 | C17: 0 | D17: =B17*C17
A18: =前提!A19 | B18: =前提!H19 | C18: 2 | D18: =B18*C18
A19: =前提!A20 | B19: =前提!H20 | C19: 0 | D19: =B19*C19
A20: =前提!A21 | B20: =前提!H21 | C20: 0 | D20: =B20*C20
A21: =前提!A22 | B21: =前提!H22 | C21: 1 | D21: =B21*C21
A22: 限界利益 合計 | D22: =SUM(D16:D21)
A23: − 固定費 | D23: =-B3
A24: 営業損益（月） | D24: =D22-B3
A25: 判定 | D25: =IF(D24>=0,"黒字 ✅","赤字（あと "&TEXT(-D24,"#,##0")&"円/月）")

Sheet シナリオ
A1: シナリオ比較：SaaS中心 vs BPO寄せ vs 黒字化ライン
A2: ※各シナリオの件数（黄色）を変えて試す
A4: 商材 | B4: 限界利益/件 | C4: S1: SaaS中心 | D4: S2: BPO寄せ | E4: S3: 黒字化ライン
A5: =前提!A17 | B5: =前提!H17 | C5: 50 | D5: 30 | E5: 50
A6: =前提!A18 | B6: =前提!H18 | C6: 5 | D6: 2 | E6: 3
A7: =前提!A19 | B7: =前提!H19 | C7: 8 | D7: 5 | E7: 8
A8: =前提!A20 | B8: =前提!H20 | C8: 1 | D8: 1 | E8: 1
A9: =前提!A21 | B9: =前提!H21 | C9: 1 | D9: 8 | E9: 12
A10: =前提!A22 | B10: =前提!H22 | C10: 1 | D10: 10 | E10: 10
A11: 限界利益 合計/月 | C11: =SUMPRODUCT($B5:$B10,C5:C10) | D11: =SUMPRODUCT($B5:$B10,D5:D10) | E11: =SUMPRODUCT($B5:$B10,E5:E10)
A12: − 固定費/月 | C12: =-前提!B10 | D12: =-前提!B10 | E12: =-前提!B10
A13: 営業損益/月 | C13: =C11-前提!B10 | D13: =D11-前提!B10 | E13: =E11-前提!B10
A14: 判定 | C14: =IF(C13>=0,"黒字 ✅","赤字") | D14: =IF(D13>=0,"黒字 ✅","赤字") | E14: =IF(E13>=0,"黒字 ✅","赤字")
A16: 読み筋：S1=GIMICで50件積んでもSaaSだけでは赤字。S3=事務長代行12件+採用10件で黒字化。
